,Name,7mPGoals,7mPMissed,6mCGoals,6mCMissed,WingGoals,WingMissed,BTGoals,BTMissed,FBGoals,FBMissed,FTOGoals,FTOMissed,9mGoals,9mMissed,RC,2M,AS,R7,ST,BS,P7,TO,PC1,PC2,cluster
0,ABBINGH Lois,15,6,1,1,3,2,0,0,1,1,0,0,15,22,0,4,24,0,1,2,2,21,1.0574842960498259,-0.6638920667752392,4
1,ABINA Ana,0,0,0,0,0,0,0,0,0,0,0,0,0,0,0,0,0,0,0,0,0,0,-0.4462076482783176,-0.10617571327858571,1
2,ABINA Ema,0,0,0,0,0,1,0,0,0,0,0,0,0,0,0,1,0,0,1,0,1,0,-0.3413745035620313,-0.034847820799496464,1
3,AGBABA Jelena,0,0,0,0,2,0,0,0,0,0,0,0,0,0,0,0,0,0,0,0,0,0,-0.4303173414357082,-0.058784375604292456,1
4,ARDERIUS Silvia,0,0,1,1,2,0,0,1,0,0,0,0,0,1,0,1,2,0,0,0,0,4,-0.24400697664461476,-0.12207127074389612,0
5,ARNTZEN Emilie,0,0,2,0,0,2,0,0,0,0,0,0,6,13,0,2,6,0,0,3,1,5,0.04749786338745822,-0.3092513706328419,0
6,AUNE Malin,0,0,0,1,10,4,0,0,2,4,0,0,0,0,0,1,1,1,3,0,2,0,0.010024149201638499,0.6790509446905294,2
7,BABOVIC Anastasija,0,0,0,0,0,0,0,0,0,0,0,0,0,0,0,0,0,0,0,0,0,0,-0.4462076482783177,-0.10617571327858542,1
8,BATINOVIC Marta,0,0,0,0,0,0,0,0,0,0,0,0,0,0,0,0,2,0,1,0,0,0,-0.4054458855540741,-0.08298985526703204,1
9,BEHNKE Julia,0,0,7,4,0,0,0,0,2,3,0,0,0,0,0,2,8,9,6,2,2,3,0.4400957407599894,0.43666023520094344,4
10,BERGER Amelie,0,0,0,0,5,10,1,0,0,0,0,0,0,0,0,0,0,1,0,0,2,1,-0.19186854009942395,0.3001902177542017,2
11,BESEN Lucija,0,0,0,0,0,0,0,0,0,0,0,0,0,0,0,0,0,0,0,0,0,0,-0.4462076482783176,-0.10617571327858571,1
12,BIDSTRUP Mia Rej,9,1,4,3,9,2,1,0,3,0,1,0,6,10,0,1,14,2,0,1,3,15,0.6288630472191401,-0.08723489995000325,4
13,BIRO Blanka,0,0,0,0,0,0,0,0,1,0,0,0,0,0,0,0,2,0,0,0,0,0,-0.4280806349924702,-0.10284426626638514,1
14,BLAZEVIC Valentina,3,4,1,1,2,3,5,0,2,0,0,0,9,19,0,1,11,2,4,1,4,14,0.7616469416201603,-0.34548868844800573,4
15,BLOHM Linn,0,0,16,2,4,3,0,0,2,1,0,0,2,0,0,3,6,9,3,3,0,7,0.4416280603909139,0.3218935966800166,4
16,BOBROVNIKOVA Vladlena,0,0,1,0,7,2,4,2,0,0,0,0,9,7,0,4,20,4,2,1,7,11,0.7808762307503485,-0.07702417830918327,4
17,BOLK Emily,0,0,1,0,1,1,2,0,0,0,0,0,15,25,0,5,7,2,2,0,4,11,0.6752164098725534,-0.48578225152062765,4
18,BONT Debbie,0,0,3,0,7,5,0,0,2,0,0,0,1,0,0,2,6,3,2,0,3,5,0.1438679123756603,0.2777868688514309,3
19,BREISTOL Kristine,0,0,0,0,0,0,0,0,0,0,0,0,3,2,0,1,1,0,1,1,1,0,-0.2880424679618052,-0.11407346353008721,0
20,BUCESCHI Eliza,5,2,0,1,2,4,3,1,1,1,0,0,6,7,0,2,9,3,3,0,4,18,0.6948824332075407,-0.11641067185907977,4
21,BURGAARD Louise Katharina,0,0,1,2,5,2,2,0,1,0,0,0,2,5,0,2,7,1,2,1,1,7,0.13850043198426115,-0.007340066967597876,3
22,CAMPOS Carmen,0,0,3,0,5,2,0,2,0,1,0,0,1,2,0,1,5,3,2,1,2,15,0.31600094278466545,0.03487941574186549,4
23,CASTELLANOS Mercedes,0,0,0,0,0,0,0,0,0,0,0,0,0,0,0,0,1,0,0,0,0,1,-0.41790415547397597,-0.12088871082292423,1
24,COATANEA Pauline,0,0,0,0,5,6,0,0,6,0,0,0,0,0,0,0,2,1,5,0,4,6,0.10630047387732186,0.3811580810914373,2
25,COPI Ziva,0,0,0,0,3,1,0,0,0,0,0,0,0,0,0,0,0,0,0,0,1,0,-0.37869974866368716,0.004532537736908459,0
26,CSISZAR-SZEKERES Klara,0,0,0,0,0,0,0,0,0,0,0,0,0,0,0,2,1,0,1,3,0,0,-0.3125855367723286,-0.07696116828981824,1
27,DALE Kari,0,0,19,3,2,1,0,0,3,1,0,0,0,0,0,3,6,5,3,10,2,5,0.4199775310356124,0.27011648786588033,4
28,DANO Nina,0,0,0,0,0,0,0,0,0,0,0,0,2,4,0,1,2,3,0,1,1,6,-0.0853616322002775,-0.1943810121472576,0
29,DARLEUX Cleopatre,0,0,0,0,0,0,0,0,0,0,0,0,0,0,0,0,0,0,0,0,0,3,-0.38315221463361304,-0.13900803045910468,1
30,DEBELIC Ana,0,0,23,3,0,1,0,0,0,0,0,0,0,0,0,3,3,2,4,1,8,3,0.38985221963723965,0.2411972519511634,3
31,DEDU Denisa,0,0,0,0,0,0,0,0,0,1,0,0,0,0,0,0,0,0,1,0,0,2,-0.3539072751266093,-0.025558552419624247,1
32,DEMBELE PAVLOVIC Siraba,0,0,1,0,7,1,0,0,6,1,0,0,0,0,0,1,2,1,4,0,2,1,-0.05797072526864015,0.3702923423192698,2
33,DESPOTOVIC Jelena,0,1,3,0,8,9,1,0,3,1,0,0,10,12,0,0,25,6,2,1,0,13,0.6662666137767713,0.08430389731273139,4
34,DINCA Elena,0,0,0,0,3,3,1,0,3,3,0,0,0,0,0,1,1,0,1,0,0,1,-0.21498853008889868,0.30485282908972333,2
35,DINDILIGAN Alexandra,0,0,1,0,0,2,0,0,0,0,0,0,0,0,0,0,0,0,0,0,0,0,-0.4232718217618345,-0.04886041798030652,1
36,DMITRIEVA Daria,3,2,4,0,9,3,6,2,0,1,0,0,6,14,0,5,18,1,8,2,9,17,1.2682542987691545,0.09268524594308157,4
37,DRABIK Joanna,0,0,2,0,2,0,0,0,0,0,0,0,0,0,0,1,2,2,1,1,4,0,-0.13815535769299891,0.04865696482051508,3
38,DUIJNDAM Rinka,0,0,0,0,0,0,0,0,0,1,0,0,0,0,0,0,1,0,0,0,0,0,-0.4148509488456689,-0.03816287442999476,1
39,DULFER Kelly,0,0,6,1,2,1,7,6,5,3,0,1,5,12,0,4,18,3,11,8,7,16,1.3732498494562364,0.24191251399156527,4
40,DUMANSKA Yuliya,0,0,0,0,0,0,0,0,0,0,0,0,0,0,0,0,0,0,0,0,0,0,-0.4462076482783177,-0.10617571327858563,1
41,DZAFEROVIC Katarina,0,0,1,0,0,0,0,0,0,0,0,0,0,0,0,0,0,0,0,0,0,1,-0.4196569392857953,-0.11304112639468764,1
42,ECKERLE Dinah,0,0,0,0,0,0,0,0,0,0,0,0,0,0,0,0,4,0,0,0,0,1,-0.39604911070565546,-0.132195386275421,1
43,EDWIGE Beatrice,0,0,2,0,0,0,0,0,0,1,0,0,0,0,0,4,2,0,3,9,4,2,0.09449139542987464,0.09333347792326598,3
44,FALUVEGI Dorottya,0,0,0,0,5,4,0,0,0,1,0,0,0,0,0,0,2,1,2,0,0,0,-0.2529419701774498,0.25596976196704846,2
45,FERNANDEZ Alicia,0,0,1,2,2,4,1,2,2,0,1,0,0,1,0,1,17,3,6,0,0,13,0.43825109542967355,0.09964567380983569,4
46,FLIPPES Laura,0,0,1,0,5,6,2,0,4,1,0,0,0,0,0,0,0,0,5,0,2,2,-0.04964621652709347,0.43936586284502716,2
47,FOMINA Olga,0,0,0,0,10,3,0,0,2,0,0,0,0,0,0,1,1,1,2,0,1,2,-0.13418416342778303,0.29365316528990476,2
48,FOPPA Pauletta,0,0,15,8,3,1,1,0,1,2,0,0,0,0,0,1,5,7,10,3,1,7,0.6302679185293641,0.5571666630339355,4
49,FORSBERG Johanna,0,0,0,1,0,0,0,0,0,0,0,0,0,0,0,0,0,0,0,0,0,0,-0.4261132901546766,-0.10013795414660381,1
50,FRAFJORD Marit,0,0,1,1,0,0,0,0,0,1,0,0,0,0,0,2,4,1,4,14,4,0,0.11589362238504243,0.15039293411797885,3
51,FRERIKS Merel,0,0,1,1,0,1,0,0,0,1,0,0,0,0,0,2,1,1,0,0,0,0,-0.2828770768640981,0.012040586674086199,0
52,GABISOVA Galina,0,0,0,0,0,0,0,0,0,0,0,0,0,0,0,0,0,0,0,0,0,0,-0.4462076482783177,-0.10617571327858563,1
53,GASSAMA Kaba,0,0,3,0,1,0,0,0,1,0,0,0,0,0,0,2,2,2,1,2,1,1,-0.17586663156154567,-0.00896278213698475,0
54,GAWLIK Weronika,0,0,0,0,0,0,0,0,0,1,0,0,0,0,0,0,0,0,0,0,0,1,-0.4011174858868742,-0.04533808833933552,1
55,GEGA Marta,8,1,2,0,0,0,0,1,1,0,0,0,1,11,0,3,7,0,2,1,1,7,0.15771759767531937,-0.2877474048508348,0
56,GLAUSER Laura,0,0,0,0,0,0,0,0,0,0,0,0,0,0,0,0,0,0,0,0,0,0,-0.4462076482783177,-0.10617571327858563,1
57,GOMILAR-ZICKERO Tija,0,0,0,0,0,1,0,0,1,0,0,0,0,0,0,0,0,0,0,0,0,0,-0.4339488671352527,-0.06868818128761656,1
58,GONZALEZ Lara,0,0,0,0,1,0,1,0,5,0,0,0,3,3,1,2,4,3,5,4,4,2,0.23186911212183225,0.10148621573461696,3
59,GONZALEZ Mireya,0,0,1,3,6,2,0,5,0,0,0,1,3,9,0,3,7,3,4,0,3,9,0.5440829787072493,0.031985424242147405,4
60,GORNA Adrianna,0,0,0,0,0,3,0,0,0,0,0,0,0,0,0,0,0,0,2,0,0,0,-0.36771878941263075,0.03512647404582843,0
61,GORSHENINA Olga,0,0,0,0,0,1,1,0,0,0,0,0,0,0,0,2,2,0,0,1,1,0,-0.2990300317346093,-0.07688821479665031,0
62,GRANLUND Rikke,0,0,0,0,0,0,0,0,0,0,0,0,0,0,0,0,2,0,0,0,0,0,-0.4316376184327707,-0.11371349691358347,1
63,GRBIC Itana,0,0,1,1,2,3,0,0,0,0,0,0,6,8,0,2,13,4,0,0,0,18,0.4054508383602573,-0.31115436542791947,4
64,GRIJSEELS Alina,1,0,2,4,2,1,5,5,0,0,0,0,2,5,0,2,9,4,0,0,1,5,0.2559650990025908,-0.18530565017104225,0
65,GROS Ana,3,2,0,1,0,2,0,0,0,0,0,0,11,10,0,1,6,3,2,0,2,9,0.3120893357442973,-0.29727394559857345,0
66,GROÃŸMANN Ina,0,0,0,0,2,0,0,0,3,0,0,0,0,0,0,1,2,2,0,0,1,0,-0.279721666993491,0.003276872912318809,0
67,GRZYB Kinga,0,0,1,0,1,1,0,0,2,0,0,0,0,0,0,0,2,0,1,0,0,1,-0.3551342585568819,-0.017802836907820294,1
68,GULLDEN Isabelle,5,5,5,1,1,1,1,0,0,0,0,0,4,6,0,0,18,4,4,0,1,13,0.5078142850247014,-0.26849380239609116,4
69,GUTIERREZ Jennifer,0,1,1,2,8,6,0,0,3,1,0,0,1,0,0,2,1,1,2,0,3,4,0.12724833830495366,0.40203378634400566,2
70,HAFRA Noemi,0,0,0,0,1,4,2,3,3,0,0,0,6,9,0,2,6,0,1,2,1,12,0.2632496067015074,-0.25149025794505786,0
71,HAGMAN Nathalie,7,3,1,0,3,5,0,0,3,0,0,0,0,1,0,0,2,1,0,0,2,3,-0.08355509967749461,0.05503987840868263,3
72,HANSEN Andrea Ulrikka Aagot,0,0,0,0,2,3,0,0,2,0,0,0,0,0,0,0,1,0,0,0,0,0,-0.38981296652404135,0.039040097903917916,0
73,HANSEN Anne Mette,8,3,2,0,4,5,8,2,1,0,0,0,4,5,0,0,14,7,2,3,3,13,0.6861323987783055,-0.09334914647513931,4
74,HANSEN Maibritt Toft,0,0,2,0,0,0,0,0,0,0,0,0,0,0,0,0,0,0,0,0,1,1,-0.37915406652688727,-0.0959594906236669,1
75,HANSSON Elin,0,0,0,0,0,0,0,0,0,0,0,0,0,0,0,0,0,0,0,0,0,1,-0.42518917039674947,-0.11711981900542531,1
76,HAUGSTED Line,0,0,2,1,1,1,0,1,2,0,0,0,7,13,0,3,8,1,9,12,5,3,0.6003240796052574,0.05181658975702501,4
77,HEINDAHL Kathrine,0,0,3,2,2,2,0,0,1,0,0,0,0,0,0,5,1,2,2,6,3,4,0.18675774417742028,0.11105183924487905,3
78,HELEMBAI Fanny,0,0,6,1,0,0,0,0,1,0,0,1,0,0,0,2,2,1,2,1,3,3,-0.025665891845501734,0.04245837941078579,3
79,HERNANDEZ Ainhoa,0,0,9,5,3,0,0,0,2,0,0,0,1,1,0,4,7,6,2,3,2,2,0.3049881456882523,0.14578802934113666,3
80,HERREM Camilla,0,0,0,0,12,9,0,0,21,5,0,0,0,0,0,0,3,0,7,0,1,5,0.2677656528728919,1.1669407523821713,2
81,HOJLUND Mie Enggrob,0,0,1,0,1,1,6,1,0,2,0,0,7,13,0,0,13,6,2,0,0,5,0.30236306924547723,-0.1330578272797065,0
82,HOUSHEER Dione,0,0,1,0,3,1,4,2,0,0,0,0,6,11,0,1,12,3,2,0,0,5,0.1851514733336598,-0.22892708626831826,0
83,HURYCHOVA Marketa,0,0,0,0,2,1,0,3,0,0,0,0,3,7,0,1,6,1,1,0,4,3,0.06022852473626399,-0.13377138786786047,0
84,IDEHN Filippa,0,0,0,0,0,0,0,0,0,0,0,0,0,0,0,0,1,0,0,0,0,2,-0.3968856775924077,-0.1318328165497639,1
85,ILINA Ekaterina,0,1,3,0,2,1,1,1,0,0,0,0,4,7,0,0,2,0,1,0,0,3,-0.14873152339395035,-0.18088956941329168,0
86,ILLARIONOVA Anastasiia,0,0,2,0,0,0,0,0,0,0,0,0,0,0,0,2,0,0,0,0,0,1,-0.3441867632011041,-0.10699642112698263,1
87,IUGANU Ana,0,0,1,0,5,5,0,0,1,0,0,0,0,0,0,0,1,2,0,0,2,1,-0.20022382186552307,0.19464034038141237,2
88,IVERSEN Rikke,0,0,4,1,2,0,0,0,2,0,1,0,0,0,0,1,3,0,7,2,2,5,0.11010483146274645,0.20149563895216147,3
89,JACOBSEN Marit,1,0,1,1,5,2,0,0,2,0,0,0,0,0,0,0,0,0,2,0,0,2,-0.2583322594941446,0.1359652397086716,2
90,JANJUSEVIC Andjela,0,0,1,0,1,0,1,0,1,0,0,0,0,2,0,1,1,0,0,1,0,5,-0.24239423175128127,-0.1530284547738281,0
91,JAPUNDZA Tena,0,0,0,0,2,7,0,0,0,0,0,0,0,0,0,4,0,0,2,0,2,2,-0.06516716275244643,0.19704071727602623,3
92,JAUKOVIC Durdina,1,0,1,0,3,3,0,1,1,0,0,0,19,23,0,2,11,2,6,5,4,8,0.7428298268285871,-0.24986945939848693,4
93,JENSEN Trine Ostergaard,0,0,2,0,17,9,0,0,3,0,0,0,0,0,0,4,1,2,2,0,5,2,0.26076116652303616,0.7047227580684366,2
94,JERABKOVA Marketa,4,2,0,1,2,3,2,0,0,0,0,0,14,20,0,1,2,4,3,1,3,10,0.5753616431405975,-0.31636157598387593,4
95,JEZIC Katarina,0,0,15,2,4,0,0,0,2,0,0,0,0,0,0,0,7,5,3,0,2,3,0.11696383558758038,0.2000770589497518,3
96,JORGENSEN Kristina,3,3,1,4,5,4,2,0,2,2,1,0,7,7,0,1,17,0,6,2,4,11,0.7576506519200876,0.19312378348921064,4
97,JOVOVIC Jovana,0,0,0,0,1,0,0,0,0,0,0,0,0,2,0,0,0,0,0,0,0,1,-0.396808547612157,-0.1166520945913023,1
98,KACSOR Greta,0,0,0,0,0,0,0,1,0,0,0,0,2,5,0,0,0,0,0,0,0,1,-0.3410845636790272,-0.20378680961806664,0
99,KALAUS Dora,0,0,0,0,0,2,0,0,0,0,0,0,0,1,0,0,1,1,0,0,0,1,-0.3625752853163289,-0.06776338498627117,1
100,KALAUS Larissa,0,0,3,0,3,2,5,2,1,1,0,0,11,21,1,8,21,3,5,0,4,11,1.0921412443486562,-0.23437002175951632,4
101,KALININA Viktoriia,0,0,0,0,0,0,0,0,1,0,0,0,0,0,0,0,1,0,0,0,0,2,-0.3933286941521073,-0.12096358590256552,1
102,KANOR Orlane,0,0,0,0,5,0,0,0,1,0,0,0,5,4,0,3,8,1,1,1,2,6,0.1015606566826288,-0.09066801412397703,0
103,KLEMENCIC Valentina Tina,0,0,2,0,1,0,0,0,0,0,0,0,0,0,0,1,2,2,0,0,0,0,-0.32224395016174223,-0.05787204580523072,1
104,KLIKOVAC Andrea,0,0,0,0,0,2,0,2,0,0,0,0,0,1,0,4,6,3,0,0,3,7,0.13386980565156115,-0.10924258183265402,0
105,KLIKOVAC Bobana,0,0,4,1,1,1,0,0,0,1,0,0,0,0,0,2,1,2,4,1,3,2,0.031157261759254058,0.19958814081835904,3
106,KLUJBER Katrin Gitta,14,4,1,1,7,2,2,1,0,0,0,1,6,13,0,0,12,1,2,0,1,15,0.5488347995989666,-0.2818715139336993,4
107,KNEDLIKOVA Jana,0,0,0,0,7,2,1,0,2,1,0,0,0,0,0,0,0,0,1,0,1,2,-0.229874934446618,0.22342923403762052,2
108,KOCHANIAK Karolina,0,0,1,1,0,0,2,2,0,1,0,0,2,0,0,1,7,2,0,0,0,5,-0.08231264211955139,-0.13116701427876676,0
109,KONECNA Michaela,0,0,1,2,1,0,0,0,0,0,0,0,0,0,0,4,2,0,2,0,3,2,-0.03876328124136486,0.0086363094324708,3
110,KORDOVSKA Kamila,0,0,1,0,0,0,1,0,2,1,0,0,1,0,0,1,1,0,2,0,3,1,-0.17191244384097532,0.06471991275665981,3
111,KOUYATE Aissatou,0,0,1,1,3,7,3,0,1,0,0,0,4,4,0,2,4,4,2,0,0,6,0.1561072062769564,0.1055954541133545,3
112,KOVACSICS Aniko,2,1,1,1,2,1,3,5,3,0,0,0,7,11,0,3,19,4,0,0,4,20,0.8391104910557063,-0.4599673123285637,4
113,KOVAROVA Sara,0,0,0,0,0,0,0,0,0,0,0,0,1,4,0,0,3,3,1,0,2,3,-0.13308919160602206,-0.11410245825773233,0
114,KOZHOKAR Kristina,0,0,1,0,12,9,0,0,2,1,0,0,0,0,0,2,4,3,3,0,0,2,0.06698103387912116,0.6070171543871519,2
115,KRAMER Jessy,0,0,0,0,0,0,0,0,0,0,0,0,0,2,0,1,3,1,0,0,0,1,-0.32022214370779833,-0.13916873719183875,0
116,KRISTIANSEN Veronica,1,2,0,1,2,2,7,0,4,2,0,0,5,9,0,0,19,3,2,0,0,15,0.502876939613551,-0.17350386742485704,4
117,KRPEZ-SLEZAK Katarina,6,2,4,0,4,8,0,0,2,2,0,0,0,0,0,0,4,2,0,0,1,3,-0.017656514751616798,0.32650400047095407,2
118,KRSNIK Dora,11,3,4,2,2,1,2,2,1,1,0,0,2,0,0,3,10,4,3,0,5,10,0.5962094548878754,0.018989802583530616,4
119,KUDLACKOVA Petra,0,0,0,0,0,0,0,0,0,1,0,0,0,0,0,0,1,0,0,0,0,0,-0.4148509488456689,-0.03816287442999476,1
120,KVASOVA Hana,3,0,0,0,1,0,0,0,0,0,0,0,1,5,0,0,0,1,0,0,1,9,-0.11649278974039089,-0.2260746323563906,0
121,LABUDA Aneta,0,0,1,0,5,2,0,0,2,0,0,0,0,0,0,0,0,0,2,0,1,2,-0.24704102460622948,0.14391840249952972,2
122,LACRABERE Alexandra,16,7,3,2,5,1,1,0,1,0,0,0,5,4,0,1,13,1,2,0,2,11,0.480913115556821,-0.24124621362341828,4
123,LAGERQUIST Anna,0,0,5,0,1,0,0,0,0,1,0,0,1,0,0,3,7,7,1,2,8,4,0.3815756075100917,0.1493779345398797,4
124,LAKATOS Rita,0,0,1,2,2,0,3,0,0,1,0,0,1,2,0,2,2,1,0,0,1,7,-0.010908146958615613,-0.074900436215609,0
125,LASLO Cristina,1,0,4,0,2,1,5,1,3,2,0,0,7,12,0,1,13,2,2,0,4,18,0.6592767087356958,-0.18432186959658667,4
126,LASSOURCE Coralie,0,0,0,0,0,1,0,0,0,1,0,0,0,0,0,0,0,0,0,0,0,1,-0.3924156881841096,-0.01871978699556484,1
127,LAUENROTH Antje,0,0,1,1,7,7,0,0,7,3,0,0,0,0,0,4,1,0,5,0,4,2,0.2531006280551705,0.7314732391758574,2
128,LAVKO Jelena,0,0,0,0,1,1,2,1,0,0,0,0,7,4,0,1,11,2,1,0,1,4,0.018344819039975157,-0.20100120537744198,0
129,LAZOVIC Barbara,0,1,1,1,4,2,1,0,1,0,0,0,2,6,0,1,2,1,3,0,1,6,0.05829984610970421,-0.003815613108955785,3
130,LEKIC Andrea,0,0,0,0,1,2,0,0,0,0,0,0,1,1,0,0,1,1,0,0,0,1,-0.3465487287483567,-0.05263719369819528,1
131,LEYNAUD Amandine,0,0,0,0,0,0,0,0,0,0,0,0,0,0,0,0,3,0,0,0,0,1,-0.40333412562842885,-0.1284264944579221,1
132,LINDQVIST Emma,0,0,0,1,3,4,7,0,1,0,0,0,4,1,0,6,7,1,2,0,5,13,0.5301194971150109,-0.016412596581070533,4
133,LISCEVIC Kristina,1,2,3,3,0,1,1,2,0,0,0,0,1,4,0,0,11,1,0,0,0,10,0.09825147843576477,-0.31123246749789146,0
134,LJEPOJA Natasa,0,0,6,5,0,0,0,0,1,0,0,0,0,1,0,2,2,2,1,0,1,1,-0.07666384550399148,-0.0020434046953531943,0
135,LOKE Heidi,0,0,6,3,0,3,0,0,1,1,0,0,0,0,0,0,9,10,2,1,1,1,0.16208513369034216,0.24362656060259197,3
136,LOPEZ Marta,0,0,0,0,4,7,0,0,1,2,0,0,0,0,0,0,1,0,1,0,1,4,-0.1492927972380016,0.3255490335377508,2
137,LOPEZ Soledad,0,0,0,0,4,5,0,0,1,0,0,0,0,0,0,0,0,0,0,0,0,3,-0.30430562899427355,0.09973538225553444,2
138,LOTT Annika,0,0,0,0,1,0,0,0,0,0,0,0,0,2,0,0,0,0,0,0,0,0,-0.41782702549372525,-0.1057079888644626,1
139,LUKACS Viktoria,0,0,0,0,8,10,0,0,9,2,0,0,0,0,0,0,1,1,2,0,1,3,-0.030070127854485238,0.6403109008292511,2
140,LUND Laura Damgaard,0,0,1,0,2,1,1,0,1,0,0,0,0,2,0,0,2,0,0,0,0,2,-0.32655581141293966,-0.07473199305929014,1
141,LUNDE Katrine,0,0,0,0,0,0,0,0,0,0,0,0,0,0,0,0,1,0,0,0,0,1,-0.41790415547397597,-0.12088871082292423,1
142,LUNDSTROM Mathilda,0,0,0,0,5,0,0,0,2,0,0,0,0,0,0,1,2,0,3,0,1,3,-0.1732276380300324,0.09982786581444764,3
143,MAIDHOF Julia,8,3,1,1,2,2,4,3,3,0,0,0,6,13,0,1,12,1,1,0,4,17,0.6616574560794588,-0.4212534435288997,4
144,MAKEEVA Kseniia,0,0,10,4,2,2,0,0,0,0,0,0,0,0,0,4,1,2,8,6,3,9,0.48938890895423426,0.26944729005343176,4
145,MALA Veronika,0,0,1,0,7,1,1,0,1,1,0,0,0,0,0,0,2,4,1,0,2,4,-0.0341936969401967,0.21960812417148895,3
146,MALASHENKO Elizaveta,0,0,1,0,0,0,0,0,0,0,0,0,0,2,0,0,0,0,0,0,0,0,-0.4202399478040751,-0.1253249650908717,1
147,MALESTEIN Angela,6,1,1,0,13,15,0,0,7,1,0,0,0,0,0,1,3,2,5,0,0,5,0.23474873992493953,0.8393197470513409,2
148,MAMIC Josipa,0,0,0,1,11,5,0,0,1,0,0,0,0,0,0,1,1,2,1,0,4,1,-0.00688878566353887,0.3964859542211377,2
149,MANAGAROVA Iuliia,0,0,2,0,11,2,1,0,10,4,0,2,0,0,0,0,4,4,3,0,1,5,0.21117328066863297,0.7554231116062686,2
150,MANAKOVA Petra,0,1,0,0,1,0,0,0,0,0,0,0,0,0,0,1,0,0,0,2,3,0,-0.255404132806371,-0.06171167476748097,0
151,MARCIKOVA Sarka,1,2,1,0,1,2,0,0,0,0,0,0,2,2,0,0,2,0,1,0,2,4,-0.1346880155689683,-0.09994294827653527,0
152,MARTIN Carmen,19,3,2,1,10,7,0,0,1,1,0,0,0,1,0,2,3,3,1,0,3,8,0.37396226414975026,0.3326587066533313,3
153,MARTON Greta,0,0,1,0,3,4,0,0,0,0,0,0,0,0,0,0,1,1,3,0,1,1,-0.21247589293353394,0.17742675713489608,2
154,MASLOVA Valeriia,0,0,1,1,2,1,1,0,0,0,0,0,1,7,0,1,9,2,1,0,0,4,-0.041240514445646075,-0.1397612186610272,0
155,MAZAREANU Ana,0,0,0,0,0,0,0,0,0,0,0,0,0,0,0,0,0,0,0,0,0,3,-0.38315221463361304,-0.13900803045910468,1
156,MEHMEDOVIC Majda,0,0,2,0,11,12,1,0,5,2,0,0,0,0,0,0,7,3,5,0,3,2,0.24355669280045902,0.8539680269192231,2
157,MICIJEVIC Camila,0,0,3,1,2,2,2,0,0,0,0,0,28,29,0,4,24,1,5,13,7,22,1.4757092968824985,-0.6436214476196364,4
158,MIKULASKOVA Veronika,0,0,0,0,0,0,0,0,0,0,0,0,0,0,0,1,0,0,0,0,0,0,-0.41123867579144935,-0.10519270695010201,1
159,MILOJEVIC Jovana,0,0,1,0,0,0,0,0,0,0,0,0,0,0,0,0,0,0,0,0,1,1,-0.3846862976378415,-0.10003818323440461,1
160,MILOSAVLJEVIC Dejana,0,0,0,1,1,0,1,0,0,1,0,0,2,5,0,0,4,1,0,0,1,8,-0.05795084526309363,-0.16285204790787883,0
161,MINEVSKAJA Evgenija,5,7,2,0,0,0,1,0,0,0,0,0,0,1,0,0,0,0,0,0,0,2,-0.1961608913704579,-0.2772555560405381,0
162,MORK Nora,29,6,2,0,8,6,6,2,1,0,0,0,6,4,0,0,25,8,4,0,1,11,0.8765478461354879,-0.019678153713117996,4
163,MUGOSA Dijana,0,0,0,0,2,1,0,0,1,0,0,0,0,0,0,1,0,0,0,0,1,3,-0.28506351251311757,-0.040143211305075345,0
164,NAIDZINAVICIUS Kim,1,2,1,0,0,0,2,2,0,2,0,0,5,9,0,2,15,0,2,6,3,7,0.38471312106406247,-0.20850189893943574,0
165,NAVARRO Silvia,0,0,0,0,0,0,0,0,0,2,0,0,0,0,0,0,1,0,0,0,0,1,-0.36976078645422544,0.022674750509255312,0
166,NEAGU Cristina,8,4,2,1,1,1,0,2,1,2,0,0,15,30,0,0,29,1,0,0,0,14,0.7680266114613007,-0.7237053474320165,4
167,NENEZIC Ljubica,0,0,0,0,0,0,0,0,0,0,0,0,0,0,0,0,1,0,0,0,0,0,-0.43892263335554416,-0.10994460509608454,1
168,NIAKATE Kalidiatou,0,0,2,1,5,1,2,0,0,0,0,0,6,8,0,2,6,6,2,2,3,5,0.3438844929994077,-0.006632098414852401,4
169,NIKOLIC Zeljka,0,0,0,0,5,3,0,0,0,0,0,0,0,0,0,0,0,0,0,0,0,1,-0.3593580101819356,0.0812134292116208,2
170,NOCANDY Meline,0,0,1,3,0,2,2,0,1,0,0,0,2,3,0,1,5,4,1,0,4,6,0.17964974612376838,-0.036358478149719854,3
171,NOCUN Dagmara,0,0,0,0,3,0,0,0,1,0,0,0,0,0,0,1,0,0,0,0,1,0,-0.3488755904392827,-0.010233526631180235,0
172,NOSEK Natalia,0,0,0,0,2,0,0,0,0,0,0,0,5,13,0,1,5,1,0,0,1,8,0.045140277030715235,-0.33352206215212254,0
173,NOVOTNA Sabrina,0,0,0,0,0,0,0,0,0,0,0,0,0,0,0,0,0,0,0,0,0,0,-0.4462076482783177,-0.10617571327858563,1
174,NUSSER Larissa,0,0,1,1,0,1,5,3,1,1,0,0,4,4,0,1,8,1,2,0,2,8,0.19557485700023364,-0.1439629430689124,0
175,NZE MINKO Estelle,0,0,3,5,6,3,2,1,11,1,0,0,4,5,0,1,12,3,9,1,2,15,0.7624841490428667,0.3648149875904227,4
176,OFTEDAL Stine,0,0,1,3,1,3,18,9,3,2,0,0,8,11,0,1,41,5,0,0,1,19,1.108416109303446,-0.4821364948069248,4
177,OMOREGIE Elizabeth,0,0,1,1,4,1,1,0,0,0,0,0,1,4,0,3,5,2,1,0,0,5,0.005812951516240608,-0.051430490152074654,0
178,OSTASE Lorena,0,0,19,4,3,2,0,0,2,2,1,0,1,0,0,2,8,5,3,4,4,8,0.5932447055240196,0.4028424424167508,4
179,PANDZIC Amra,0,0,0,0,0,0,0,0,0,0,0,0,0,0,0,0,0,0,0,0,0,0,-0.4462076482783177,-0.10617571327858563,1
180,PEDERSEN Larke Nolsoe,0,0,0,0,19,6,0,0,4,3,0,0,0,0,0,1,4,3,5,0,4,1,0.28249540149012564,0.9776753175642964,2
181,PENA Nerea,7,1,0,2,2,4,2,0,0,0,0,0,11,15,0,1,27,4,0,0,1,20,0.7504654069380066,-0.5054099284208202,4
182,PETREN Melissa,3,2,2,2,0,2,0,0,0,0,0,0,7,18,0,1,5,0,0,0,1,4,0.10981028900894543,-0.3921815608244861,0
183,PIJEVIC Tea,0,0,0,0,0,0,0,0,0,1,0,0,0,0,0,0,3,0,1,0,0,2,-0.3320522303582888,-0.036865227872121015,1
184,PLACZEK Adrianna,0,0,0,0,0,0,0,0,0,0,0,0,0,0,0,0,0,0,0,0,0,1,-0.42518917039674947,-0.11711981900542531,1
185,PLETIKOSIC Matea,0,0,1,0,0,3,1,2,0,0,0,0,0,0,0,0,7,2,0,0,0,11,-0.03432226593234834,-0.17378038309190239,0
186,POLASKOVA Silvie,0,0,0,0,0,0,0,0,0,0,0,0,3,2,0,1,3,0,0,0,0,1,-0.3236854743382678,-0.1763798651996747,0
187,POLOCOSER Anca,0,0,0,1,1,1,1,0,0,0,0,0,6,4,0,1,1,1,0,2,1,5,-0.08101608093747827,-0.18536156125163786,0
188,POP-LAZIC Sladana,0,0,5,1,0,0,1,1,1,0,0,0,1,0,0,1,7,5,4,0,1,5,0.10829918166924037,0.01952840652466489,3
189,POPA Andreea,0,0,1,0,1,0,0,1,0,0,0,0,0,0,0,1,5,3,0,0,2,5,-0.08632679671398831,-0.10192753527841443,0
190,POPA Laura,0,0,0,0,6,5,0,1,0,0,0,0,1,6,0,6,1,0,0,1,2,6,0.15443333902225675,0.04194664680191325,3
191,POSAVEC Paula,0,0,0,0,5,4,0,0,2,2,0,0,0,0,0,1,0,1,0,0,3,0,-0.1488289169591838,0.3355722900787636,2
192,POSAVEC Stela,2,0,0,0,3,1,5,0,1,0,0,0,0,4,0,2,8,2,3,0,0,11,0.17597954294213797,-0.1037265030897178,0
193,PRKACIN Kristina,0,0,0,0,0,0,0,0,0,0,0,0,1,1,0,0,0,0,0,0,0,1,-0.40689003256843714,-0.13730326876600804,1
194,RADICEVIC Jovanka,19,2,2,2,9,11,1,0,8,3,0,1,0,0,0,2,2,0,8,0,0,7,0.45789769699583327,0.8571593422658321,2
195,RADOJEVIC Dijana,0,0,0,0,0,2,0,0,0,1,0,0,0,0,0,0,0,0,1,0,1,0,-0.34356999383626285,0.06256920488187954,2
196,RADOSAVLJEVIC Sanja,0,0,0,0,10,1,0,0,0,0,0,0,0,0,0,2,0,0,1,0,2,0,-0.19198335521417112,0.2160948170607371,2
197,RAMUSOVIC Ema,0,0,8,1,6,0,0,0,1,0,0,1,0,0,0,3,1,1,0,1,2,3,-0.02660065893702101,0.12309144934773951,3
198,RASK Emma,0,0,0,0,11,7,0,0,1,0,0,0,0,0,0,1,2,3,3,0,1,6,0.07797693683296922,0.4191365264978764,2
199,REINHARDT Althea Rebecca,0,0,0,0,0,0,0,0,0,0,0,0,0,0,0,0,0,0,0,0,0,0,-0.4462076482783177,-0.10617571327858563,1
200,REISTAD Henny,0,0,4,1,3,1,12,3,5,0,0,0,5,10,0,6,15,5,3,3,5,6,0.8139917586281757,-0.0847592599894774,4
201,RISOVIC Jovana,0,0,0,0,0,0,0,0,0,0,0,0,0,0,0,0,0,0,1,0,0,0,-0.42001591539962096,-0.07545207163203467,1
202,ROBERTS Jamina,0,0,2,4,3,1,2,2,0,0,0,0,5,3,0,1,9,2,1,0,0,4,0.06660893514674043,-0.10947185262631756,0
203,ROCH Isabell,0,0,0,0,0,0,0,0,0,0,0,0,0,0,0,0,1,0,0,0,0,0,-0.43892263335554416,-0.10994460509608454,1
204,RODRIGUEZ Almudena,0,0,0,0,2,2,1,1,0,0,0,0,5,2,0,3,5,3,0,0,1,7,0.08026452798421796,-0.1329343330348408,0
205,ROSIAK Aleksandra,1,1,0,1,1,2,4,1,1,0,0,0,7,4,0,0,5,0,1,0,0,9,0.031005923598124333,-0.256701537183481,0
206,ROSZAK Romana,0,0,0,0,0,0,0,0,0,1,0,0,0,0,0,0,0,0,0,0,0,1,-0.4011174858868742,-0.04533808833933552,1
207,RYDE Jessica,0,0,0,0,0,0,0,0,0,0,0,0,0,0,0,0,0,0,0,0,0,0,-0.4462076482783177,-0.10617571327858563,1
208,SABIROVA Karina,0,0,0,1,0,0,1,0,1,0,0,0,3,2,0,0,3,0,0,1,1,1,-0.2810352612395345,-0.15221491363278297,0
209,SAMOKHINA Daria,12,3,1,0,2,3,0,0,2,0,0,1,0,0,0,3,0,0,1,0,3,2,0.01908147013588572,0.061169552197846165,3
210,SANDO Emily,0,0,0,0,0,0,0,0,0,0,0,0,0,0,0,0,2,0,0,0,0,0,-0.4316376184327707,-0.11371349691358347,1
211,SAVU Ana,0,0,0,0,0,1,0,0,0,0,0,0,1,4,0,0,1,0,0,0,0,1,-0.3602500158979665,-0.1492957758742719,1
212,SCHATZL Nadine,0,0,0,2,13,6,2,0,2,1,0,0,0,0,0,1,4,4,3,0,2,2,0.16401325580153042,0.5856605151089104,2
213,SCHULZE Luisa,0,0,7,1,1,1,0,0,1,0,0,0,0,0,0,2,1,4,1,3,2,4,0.03128372879643666,0.047050884801144416,3
214,SEDOYKINA Anna,0,0,0,0,0,0,0,0,0,0,0,0,0,0,0,0,2,0,0,0,0,1,-0.41061914055120247,-0.12465760264042317,1
215,SERAFICEANU Sonia,0,0,0,0,6,9,0,0,0,0,0,0,0,1,0,2,0,0,0,0,1,2,-0.16305727135914092,0.25702978399029075,2
216,SERCIEN UGOLIN Oceane,0,0,0,1,2,2,2,1,2,1,0,0,9,9,0,2,5,2,2,0,1,7,0.23402930885334736,-0.10485041856024797,0
217,SIMARA Andrea,0,0,0,0,6,4,0,0,0,1,0,0,0,0,1,1,3,1,2,0,2,2,-0.03759874672422863,0.27049556805616937,2
218,SKOGRAND Stine,4,1,0,0,10,6,1,1,4,0,0,0,0,0,0,1,6,4,2,1,3,3,0.18257236196539484,0.3863805525152531,3
219,SKOROBOGATCHENKO Antonina,0,0,0,0,1,4,6,0,0,0,0,0,11,12,0,0,8,4,0,0,1,8,0.2338500678923796,-0.2974884296662329,0
220,SMEETS Martine,0,0,0,0,2,6,0,0,3,2,0,0,0,0,0,0,0,0,2,0,0,0,-0.2669087701210768,0.33854386902520883,2
221,SMITS Inger,0,0,0,0,3,1,0,1,0,0,0,0,1,3,0,0,2,0,1,0,1,1,-0.2613317738501094,-0.03809527861892489,0
222,SMITS Xenia,0,0,1,0,0,1,6,4,2,2,0,0,3,5,0,6,9,2,7,2,4,13,0.7669947218533645,0.05103594355450583,4
223,SNELDER Danick,0,0,15,4,0,0,0,0,3,0,0,1,0,0,0,5,13,8,0,5,5,2,0.5073319894736965,0.1369228468730621,4
224,SOLBERG Silje,0,0,0,0,0,0,0,0,0,0,0,0,0,0,0,0,4,0,0,0,0,2,-0.3750306328240873,-0.14313949200226067,1
225,SOLBERG-ISAKSEN Sanna Charlotte,0,0,0,0,6,1,0,0,1,2,0,0,0,0,0,1,0,1,0,0,2,0,-0.20551678173442772,0.25554088107711687,2
226,STANKO Tjasa,2,2,0,1,0,3,1,0,1,0,0,0,7,9,0,0,1,0,1,0,1,5,-0.012605169585653176,-0.23436325020459084,0
227,STOILJKOVIC Jovana,0,0,0,1,3,2,1,1,0,0,0,0,3,7,0,1,10,2,4,2,0,6,0.1509255873528242,-0.055413393975622754,0
228,STRISKOVA Adela,0,0,0,0,0,0,0,0,0,0,0,0,0,0,0,0,0,0,0,0,0,0,-0.4462076482783177,-0.10617571327858563,1
229,STROMBERG Carin,0,0,2,2,0,1,2,0,0,0,0,0,4,10,0,4,6,1,1,2,4,6,0.2897233783586746,-0.20937394115274416,0
230,SUBTIRICA IOVANESCU Alexandra,0,0,2,1,0,0,0,0,0,0,0,0,0,0,0,1,3,2,0,0,0,3,-0.23975429689192695,-0.11213116450841364,0
231,SUSTKOVA Jana,0,0,0,0,0,0,0,0,0,0,0,0,0,0,0,0,0,0,0,0,0,0,-0.4462076482783177,-0.10617571327858563,1
232,SVETIK Maja,0,0,0,0,5,5,0,0,1,0,0,0,0,0,0,1,0,0,0,0,1,0,-0.2894762950828518,0.17024931776196697,2
233,SWIERZEWSKA Patrycja,0,0,0,0,0,0,0,0,0,0,0,0,1,1,0,2,0,0,0,0,1,2,-0.2809629680651782,-0.13327841867559737,0
234,SZARAWAGA Joanna,0,0,3,0,1,0,0,0,0,0,0,0,0,0,0,0,7,6,1,7,2,2,0.004228492334338024,0.007916771851872305,3
235,SZIKORA Melinda,0,0,0,0,0,0,0,0,0,0,0,0,0,0,0,0,1,0,0,0,0,3,-0.37586719971083954,-0.14277692227660357,1
236,SZOLLOSI-ZACSIK Szandra,0,0,1,0,3,3,10,3,0,1,0,0,13,18,0,0,15,2,3,1,4,6,0.5814826709840738,-0.23771363204557408,4
237,TCHAPTCHET Lysa,0,0,3,0,0,0,0,0,0,0,0,0,0,0,0,2,0,0,0,0,0,0,-0.3596730099717182,-0.09197362278940528,1
238,THORLEIFSDOTTIR Kristin,3,3,1,0,1,1,0,1,0,0,0,0,14,22,0,1,8,0,0,0,3,12,0.4604099217214989,-0.6214317664361501,4
239,TICU Ana,0,0,0,0,0,0,2,0,0,0,0,0,0,1,0,0,0,1,0,0,0,5,-0.28533385852480114,-0.17072732385368022,0
240,TOFT Sandra,0,0,0,0,0,0,0,0,0,0,0,0,0,0,0,0,2,0,0,0,0,2,-0.3896006626696342,-0.13560170836726282,1
241,TOMAC Marta,0,0,0,0,0,0,0,0,0,0,0,0,0,1,0,0,3,1,1,0,0,0,-0.3602355958791826,-0.08687002393541987,1
242,TOMASEVIC Katarina,0,0,0,0,0,0,0,0,0,0,0,0,0,0,0,0,0,0,0,0,0,0,-0.4462076482783177,-0.10617571327858563,1
243,TOMORI Zsuzsanna,0,0,0,1,1,1,3,0,0,0,0,0,0,3,0,0,7,2,4,2,5,4,0.13821356843970667,0.04170625424561313,3
244,TOTH Eszter,1,1,0,0,0,1,0,0,0,0,0,0,0,0,0,0,0,1,0,0,0,1,-0.36235559852105587,-0.09940612220079495,1
245,TOVIZI Petra,0,0,3,2,1,0,0,0,0,0,0,0,0,1,0,1,5,5,0,2,2,1,-0.05022956281078905,-0.014872760917109247,0
246,TRANBORG Mette,0,0,0,2,6,3,1,1,0,0,0,0,12,16,0,7,7,3,2,2,1,13,0.7136322951828555,-0.22966704627034873,4
247,TRIFUNOVIC Jelena,3,0,1,0,2,1,0,0,0,0,0,0,1,3,0,1,1,1,1,1,1,1,-0.20438204005593633,-0.032865495668542556,0
248,UJKIC Dijana,0,0,0,0,2,2,0,1,0,0,0,0,0,0,0,0,0,0,1,0,2,0,-0.2999276028394111,0.03972358059342603,2
249,USCINOWICZ Paulina,0,0,0,0,0,0,0,0,0,0,0,0,0,0,0,0,0,0,0,0,0,0,-0.4462076482783177,-0.10617571327858563,1
250,VALENTINI Chloe,0,0,0,0,8,3,0,0,4,4,0,0,0,0,0,0,3,0,5,0,3,2,0.05373623386991358,0.6532805375104811,2
251,VEDEKHINA Polina,0,0,2,0,4,2,2,1,1,1,0,0,12,10,0,0,6,0,1,1,1,10,0.20065951062659493,-0.19572941682425074,0
252,VIDAK Marijeta,0,0,0,1,0,0,0,0,0,0,0,0,4,4,0,0,0,0,0,0,0,7,-0.20578739367044974,-0.25748049327681244,0
253,VOJNOVIC Maja,0,0,0,0,0,0,0,0,0,0,0,0,0,0,0,0,0,0,0,0,0,0,-0.4462076482783177,-0.10617571327858563,1
254,VUCKO Hana,0,0,0,0,0,0,0,0,0,0,0,0,0,0,0,0,0,0,0,0,0,0,-0.4462076482783177,-0.10617571327858563,1
255,VUKCEVIC Nikolina,0,0,2,0,0,0,0,0,1,0,0,0,0,0,0,1,1,0,1,0,2,2,-0.251162243268726,-0.05509366638548952,0
256,WEIGEL Maren,0,0,1,1,0,0,1,0,0,0,0,0,1,3,0,0,4,0,0,0,0,4,-0.2597044178379758,-0.20318254844183087,0
257,WESTER Tess,0,0,0,0,0,0,0,0,0,1,0,0,0,0,0,0,0,0,0,0,0,4,-0.3380620522421695,-0.07817040551985455,1
258,WOLOSZYK Joanna,0,0,0,0,0,0,0,0,0,0,0,0,0,0,0,1,0,0,0,0,0,0,-0.41123867579144935,-0.10519270695010201,1
259,ZAADI DEUNA Grace,5,4,7,3,2,0,2,2,0,0,0,0,6,11,1,8,20,2,4,4,4,15,1.1246554424545256,-0.3504177257180942,4
260,ZABJEK Nina,0,0,0,0,0,0,0,0,0,0,0,0,0,0,0,1,2,0,1,0,2,0,-0.30053562977129794,-0.05600096261798281,0
261,ZACHOVA Dominika,0,0,0,0,0,1,0,0,0,0,0,0,0,0,0,0,0,0,0,0,0,1,-0.416487372693985,-0.0905015176616546,1
262,ZAPF Marlene,0,0,0,0,11,4,0,0,2,1,0,0,0,0,0,2,3,2,2,0,3,2,0.05372229790495782,0.4467026705115874,2
263,ZEC Branka,0,0,0,0,0,0,0,0,0,0,0,0,0,0,0,0,0,0,0,0,0,0,-0.4462076482783177,-0.10617571327858562,1
264,ZULIC Nina,0,0,0,1,1,2,0,1,0,0,0,0,3,4,0,1,3,0,1,0,0,4,-0.15170660448493845,-0.13020462895693682,0
265,ZYCH Aleksandra,0,0,0,0,0,2,1,0,0,0,0,0,3,6,0,2,2,0,1,3,1,5,-0.0533552150615826,-0.16946321135497872,0
266,van KREIJ Harma,0,0,0,0,1,0,0,0,0,0,0,0,0,0,0,0,1,0,0,0,0,0,-0.4309774799342402,-0.08624893625893776,1
267,van WETERING Bo,0,0,0,0,12,15,0,0,6,2,0,0,0,0,0,0,2,1,7,0,1,3,0.1727922033399089,0.9854267073703525,2
268,van der HEIJDEN Laura,0,0,0,0,5,1,7,4,0,0,0,0,9,14,0,1,11,5,1,0,2,10,0.5078694100161433,-0.3163248484568402,4
269,van der VLIET Nikita,0,0,0,0,0,0,0,0,0,0,0,0,0,0,0,0,0,0,0,0,0,0,-0.4462076482783177,-0.10617571327858562,1
